[{"__symbolic":"module","version":3,"metadata":{"PlatformLocation":{"__symbolic":"class","members":{"getBaseHrefFromDOM":[{"__symbolic":"method"}],"onPopState":[{"__symbolic":"method"}],"onHashChange":[{"__symbolic":"method"}],"replaceState":[{"__symbolic":"method"}],"pushState":[{"__symbolic":"method"}],"forward":[{"__symbolic":"method"}],"back":[{"__symbolic":"method"}]}},"LOCATION_INITIALIZED":{"__symbolic":"new","expression":{"__symbolic":"reference","module":"@angular/core","name":"OpaqueToken"},"arguments":["Location Initialized"]}}},{"__symbolic":"module","version":1,"metadata":{"PlatformLocation":{"__symbolic":"class","members":{"getBaseHrefFromDOM":[{"__symbolic":"method"}],"onPopState":[{"__symbolic":"method"}],"onHashChange":[{"__symbolic":"method"}],"replaceState":[{"__symbolic":"method"}],"pushState":[{"__symbolic":"method"}],"forward":[{"__symbolic":"method"}],"back":[{"__symbolic":"method"}]}},"LOCATION_INITIALIZED":{"__symbolic":"new","expression":{"__symbolic":"reference","module":"@angular/core","name":"OpaqueToken"},"arguments":["Location Initialized"]}}}]