{
  "name": "source-map-resolve",
  "version": "0.3.1",
  "author": "Simon Lydell",
  "license": "MIT",
  "description": "Resolve the source map and/or sources for a generated file.",
  "keywords": [
    "source map",
    "sourcemap",
    "source",
    "map",
    "sourceMappingURL",
    "resolve",
    "resolver",
    "locate",
    "locator",
    "find",
    "finder"
  ],
  "repo": "lydell/source-map-resolve",
  "main": "source-map-resolve.js",
  "scripts": [
    "source-map-resolve.js"
  ],
  "dependencies": {
    "lydell/source-map-url": "~0.3.0",
    "lydell/resolve-url": "~0.2.1"
  }
}