{
  "title":"CSS3 Box-shadow",
  "description":"Method of displaying an inner or outer shadow effect to elements",
  "spec":"http://www.w3.org/TR/css3-background/#box-shadow",
  "status":"cr",
  "links":[
    {
      "url":"https://developer.mozilla.org/En/CSS/-moz-box-shadow",
      "title":"MDN article"
    },
    {
      "url":"http://westciv.com/tools/boxshadows/index.html",
      "title":"Live editor"
    },
    {
      "url":"http://tests.themasta.com/blogstuff/boxshadowdemo.html",
      "title":"Demo of various effects"
    },
    {
      "url":"http://www.css3files.com/shadow/",
      "title":"Information page"
    },
    {
      "url":"http://docs.webplatform.org/wiki/css/properties/box-shadow",
      "title":"WebPlatform Docs"
    }
  ],
  "bugs":[
    {
      "description":"Edge and IE up to 11 suppress box-shadow in tables with border-collapse:collapse. [test case](http://codepen.io/Fyrd/pen/oXVYyq)"
    },
    {
      "description":"Safari 6, iOS 6 and Android 2.3 default browser don't work with a 0px value for \"blur-radius\".\r\ne.g. `-webkit-box-shadow: 5px 1px 0px 1px #f04e29;`\r\ndoesn't work, but\r\n`-webkit-box-shadow: 5px 1px 1px 1px #f04e29`\r\ndoes."
    },
    {
      "description":"iOS 8 has a bug where the box shadow disappears when zooming in a certain amount. [test case](http://jsfiddle.net/b6aaq57z/4/)"
    }
  ],
  "categories":[
    "CSS3"
  ],
  "stats":{
    "ie":{
      "5.5":"n",
      "6":"n",
      "7":"n",
      "8":"n",
      "9":"y",
      "10":"y",
      "11":"y"
    },
    "edge":{
      "12":"y",
      "13":"y",
      "14":"y",
      "15":"y"
    },
    "firefox":{
      "2":"n",
      "3":"n",
      "3.5":"y x",
      "3.6":"y x",
      "4":"y",
      "5":"y",
      "6":"y",
      "7":"y",
      "8":"y",
      "9":"y",
      "10":"y",
      "11":"y",
      "12":"y",
      "13":"y",
      "14":"y",
      "15":"y",
      "16":"y",
      "17":"y",
      "18":"y",
      "19":"y",
      "20":"y",
      "21":"y",
      "22":"y",
      "23":"y",
      "24":"y",
      "25":"y",
      "26":"y",
      "27":"y",
      "28":"y",
      "29":"y",
      "30":"y",
      "31":"y",
      "32":"y",
      "33":"y",
      "34":"y",
      "35":"y",
      "36":"y",
      "37":"y",
      "38":"y",
      "39":"y",
      "40":"y",
      "41":"y",
      "42":"y",
      "43":"y",
      "44":"y",
      "45":"y",
      "46":"y",
      "47":"y",
      "48":"y",
      "49":"y",
      "50":"y",
      "51":"y",
      "52":"y",
      "53":"y",
      "54":"y"
    },
    "chrome":{
      "4":"y x",
      "5":"y x",
      "6":"y x",
      "7":"y x",
      "8":"y x",
      "9":"y x",
      "10":"y",
      "11":"y",
      "12":"y",
      "13":"y",
      "14":"y",
      "15":"y",
      "16":"y",
      "17":"y",
      "18":"y",
      "19":"y",
      "20":"y",
      "21":"y",
      "22":"y",
      "23":"y",
      "24":"y",
      "25":"y",
      "26":"y",
      "27":"y",
      "28":"y",
      "29":"y",
      "30":"y",
      "31":"y",
      "32":"y",
      "33":"y",
      "34":"y",
      "35":"y",
      "36":"y",
      "37":"y",
      "38":"y",
      "39":"y",
      "40":"y",
      "41":"y",
      "42":"y",
      "43":"y",
      "44":"y",
      "45":"y",
      "46":"y",
      "47":"y",
      "48":"y",
      "49":"y",
      "50":"y",
      "51":"y",
      "52":"y",
      "53":"y",
      "54":"y",
      "55":"y",
      "56":"y",
      "57":"y",
      "58":"y",
      "59":"y"
    },
    "safari":{
      "3.1":"a x #1",
      "3.2":"a x #1",
      "4":"a x #1",
      "5":"y x",
      "5.1":"y",
      "6":"y",
      "6.1":"y",
      "7":"y",
      "7.1":"y",
      "8":"y",
      "9":"y",
      "9.1":"y",
      "10":"y",
      "10.1":"y",
      "TP":"y"
    },
    "opera":{
      "9":"n",
      "9.5-9.6":"n",
      "10.0-10.1":"n",
      "10.5":"y",
      "10.6":"y",
      "11":"y",
      "11.1":"y",
      "11.5":"y",
      "11.6":"y",
      "12":"y",
      "12.1":"y",
      "15":"y",
      "16":"y",
      "17":"y",
      "18":"y",
      "19":"y",
      "20":"y",
      "21":"y",
      "22":"y",
      "23":"y",
      "24":"y",
      "25":"y",
      "26":"y",
      "27":"y",
      "28":"y",
      "29":"y",
      "30":"y",
      "31":"y",
      "32":"y",
      "33":"y",
      "34":"y",
      "35":"y",
      "36":"y",
      "37":"y",
      "38":"y",
      "39":"y",
      "40":"y",
      "41":"y",
      "42":"y",
      "43":"y",
      "44":"y",
      "45":"y"
    },
    "ios_saf":{
      "3.2":"a x #1",
      "4.0-4.1":"y x",
      "4.2-4.3":"y x",
      "5.0-5.1":"y",
      "6.0-6.1":"y",
      "7.0-7.1":"y",
      "8":"y",
      "8.1-8.4":"y",
      "9.0-9.2":"y",
      "9.3":"y",
      "10.0-10.2":"y"
    },
    "op_mini":{
      "all":"n"
    },
    "android":{
      "2.1":"a x #1",
      "2.2":"a x #1",
      "2.3":"a x #1",
      "3":"a x #1",
      "4":"y",
      "4.1":"y",
      "4.2-4.3":"y",
      "4.4":"y",
      "4.4.3-4.4.4":"y",
      "53":"y"
    },
    "bb":{
      "7":"y x",
      "10":"y"
    },
    "op_mob":{
      "10":"n",
      "11":"y",
      "11.1":"y",
      "11.5":"y",
      "12":"y",
      "12.1":"y",
      "37":"y"
    },
    "and_chr":{
      "56":"y"
    },
    "and_ff":{
      "51":"y"
    },
    "ie_mob":{
      "10":"y",
      "11":"y"
    },
    "and_uc":{
      "11":"y"
    },
    "samsung":{
      "4":"y"
    },
    "and_qq":{
      "1.2":"y"
    }
  },
  "notes":"Can be partially emulated in older IE versions using the non-standard \"shadow\" filter.",
  "notes_by_num":{
    "1":"Partial support in Safari, iOS Safari and Android Browser refers to missing \"inset\", blur radius value, and multiple shadow support."
  },
  "usage_perc_y":94.33,
  "usage_perc_a":0.02,
  "ucprefix":false,
  "parent":"",
  "keywords":"box-shadows,boxshadows,box shadow,shaow",
  "ie_id":"",
  "chrome_id":"",
  "firefox_id":"",
  "webkit_id":"",
  "shown":true
}
